,cve_mun,AdultosMayores_ben,AdultosMayores_monto,ApoyoMadresTrab_ben,ApoyoMadresTrab_monto,BecasUniv_ben,BecasUniv_monto,BenitoJuarez_ben,BenitoJuarez_monto,BienestarDiscapacitados_ben,BienestarDiscapacitados_monto,CreditoGanaPalabra_ben,CreditoGanaPalabra_monto,FertiGuerrero_ben,FertiGuerrero_monto,JoCuFu_ben,JoCuFu_monto,MediaSuperior_ben,MediaSuperior_monto,MejoramientoUrbano-RYCJ_ben,MejoramientoUrbano-RYCJ_monto,MejoUrbano-VAB_ben,MejoUrbano-VAB_monto,PNR-ReconstruViv_ben,PNR-ReconstruViv_monto,PrBiPeEmSoNa_ben,PrBiPeEmSoNa_monto,ProdBienProdCafe_ben,ProdBienProdCafe_monto,ProdBienProdCanaAzu_ben,ProdBienProdCanaAzu_monto,ProdBienProdIndig_ben,ProdBienProdIndig_monto,ProdBienPyMProd_ben,ProdBienPyMProd_monto,SembrandoVida_ben,SembrandoVida_monto,clave_mun,robo_casa,robo_vehiculos,robo_transportistas,robo_bancos,robo_negocio,robo_maquinaria,secuestro,feminicidio,extorsion,homicidio_doloso,date,mpo_clave,viviendas_tv_paga,viviendas_tv_paga,viviendas_celular,viviendas_telefono,viviendas_computadora,viviendas_tv_paga,viviendas_tv_paga,viviendas_total,ingreso_mensual_promedio_municipio,pobreza_2010_%,pobreza_2015_%,pobreza_extrema_2010_%,pobreza_extrema_2015_%,mpo_inegi,mpo_nombre,edo_nombre,Ranking de Importancia Electoral,nombre_pte_mpal,partido_pte_mpal,pob_2015
0,15033,87646,230063550,631,2022400,1423,7032000,4791,7945600,3802,11191950,0,0,6,32356,10477,157917600,0,0,0,0,0,0,0,0,0,0,1,5000,14,102200,0,0,814,4278017,0,0,15033,9720,161784,11880,0,39960,0,0,216,7344,5184,2020/05,15033,0.288502687870598,0.288502687870598,0.817854143256981,0.607975961351419,0.393680929506617,0.288502687870598,0.288502687870598,436963,5758.698106911442,0.375517850388518,0.427422535257173,0.0435110479713369,0.0491270040447563,15033,Ecatepec de Morelos,México,1,LUIS FERNANDO  VILCHIS  CONTRERAS ,PT-MORENA-PES,1677084
1,6002,14542,37502850,736,2376000,432,2078400,670,1195200,418,1114350,0,0,0,0,2025,31618800,0,0,0,0,0,0,0,0,0,0,1,5000,124,905200,0,0,395,2713497,0,0,6002,43,10,0,0,17,0,0,1,2,6,2020/05,6002,0.47311499049575,0.47311499049575,0.873451462780485,0.500032773274487,0.478467958661977,0.47311499049575,0.47311499049575,45769,7382.502784001054,0.302288472802925,0.275621021909223,0.0104021491042033,0.017804908239249,6002,Colima,Colima,2,LEONCIO ALFONSO MORAN SANCHEZ,MC,150660
2,14067,11577,29967600,314,993600,224,1089600,458,747200,332,946050,0,0,1,2431,384,4968000,0,0,0,0,0,0,0,0,0,0,0,0,3,21900,0,0,277,1561714,0,0,14067,10,22,0,0,8,0,0,1,3,3,2020/05,14067,0.589397402727889,0.589397402727889,0.919783476928487,0.425849639546859,0.447363793926302,0.589397402727889,0.589397402727889,79622,7340.1334775664045,0.34901944995498,0.264272368694208,0.0326959819042948,0.0161596989498173,14067,Puerto Vallarta,Jalisco,3,ARTURO DAVALOS PEÑA,MC,275633
3,24013,12501,32400300,306,1011200,759,3652800,1835,5137600,1338,4276350,0,0,0,0,1838,28004400,277,886400,0,0,0,0,0,0,0,0,0,0,2222,16220600,0,0,193,1055419,0,0,24013,4,2,2,0,2,0,0,0,0,2,2020/05,24013,0.524525570923127,0.524525570923127,0.829547282084271,0.272414763589579,0.293985204245738,0.524525570923127,0.524525570923127,49744,5252.109695637525,0.44122273613035,0.42817569201333,0.0822963867302139,0.0710936596545453,24013,Ciudad Valles,San Luis Potosí,4,ADRIAN ESPER CARDENAS,Independiente,176998
4,7108,7624,19678350,305,982400,148,710400,291,713600,1250,4054500,59,3456000,0,0,6493,131882400,105,336000,0,0,0,0,5,309120,0,0,333,1665000,1,7300,13,46400,4474,28202494,0,0,7108,0,4,0,0,0,0,0,0,0,1,2020/05,7108,0.367955170075311,0.367955170075311,0.697933397580041,0.0932648035121533,0.113216975407788,0.367955170075311,0.367955170075311,28017,3379.0104533779345,0.822978903887291,0.7293589592157,0.343678542450395,0.208595582403861,7108,Villaflores,Chiapas,5,MARIANO GUADALUPE ROSALES ZUART,PVEM,104824
5,16088,3805,10052100,109,383200,0,0,2346,3809600,339,1093950,0,0,0,0,1014,16362000,0,0,0,0,0,0,0,0,0,0,0,0,1,7300,0,0,807,3886634,0,0,16088,4,5,3,0,2,0,0,0,0,6,2020/05,16088,0.383174996557896,0.383174996557896,0.847790169351507,0.231034007985681,0.263906099407958,0.383174996557896,0.383174996557896,29052,5338.195178894531,0.246962833316174,0.439879119517241,0.0400236796046536,0.0714891750955699,16088,Tarímbaro,Michoacán de Ocampo,6,BALTAZAR GAONA SANCHEZ,PT-MORENA,105380
6,4002,18242,46784850,1229,3961600,1036,5078400,3274,7316800,941,3067650,65,3864000,0,0,7398,118850400,0,0,0,0,0,0,0,0,0,0,0,0,7,51100,1,4800,2150,13104191,2,10000,4002,6,16,0,0,7,0,0,0,1,1,2020/05,4002,0.61216033552723,0.61216033552723,0.891572657562627,0.314253590874064,0.402569511994846,0.61216033552723,0.61216033552723,79159,6154.49847519653,0.339020935506849,0.312154013444049,0.0491210689635409,0.0276189064000452,4002,Campeche,Campeche,7,ELISEO  FERNANDEZ  MONTUFAR ,PAN-MC,283018
7,16108,12426,32484450,198,671200,207,1022400,3073,4985600,459,1348950,0,0,0,0,342,5004000,0,0,0,0,0,0,0,0,0,0,0,0,1,7300,0,0,1326,9411474,0,0,16108,0,34,0,0,2,1,0,0,0,29,2020/05,16108,0.496844618795838,0.496844618795838,0.757841074914246,0.41334546212595,0.299960202399227,0.496844618795838,0.496844618795838,52767,5220.579782879993,0.4664111918948,0.498758914148379,0.0771516312764114,0.0839358181316733,16108,Zamora,Michoacán de Ocampo,8,MARTIN SAMAGUEY CARDENAS,PT-MORENA,196164
8,21071,5564,14353950,175,561600,925,4464000,6657,10672000,959,4118250,0,0,0,0,3070,61477200,0,0,0,0,0,0,0,0,0,0,142,710000,0,0,0,0,627,1865256,0,0,21071,1,5,0,0,2,0,0,0,0,3,2020/05,21071,0.392344497607655,0.392344497607655,0.686834388022843,0.217549004475999,0.201921592838401,0.392344497607655,0.392344497607655,25916,4505.734561494551,0.660842298229534,0.631912354255287,0.199334266004149,0.0981934286093175,21071,Huauchinango,Puebla,9,GUSTAVO ADOLFO VARGAS CABRERA,MORENA-PT-PES,103452
9,31050,67488,174499050,2337,7715600,1863,9249600,3803,6449600,3759,11204700,8,896000,0,0,6494,103525200,0,0,0,0,0,0,0,0,0,0,0,0,6,43800,0,0,123,388819,14,70000,31050,48,8,0,0,16,0,0,0,0,8,2020/05,31050,0.547334248679342,0.547334248679342,0.919403008230357,0.414442298294198,0.476759519986347,0.547334248679342,0.547334248679342,257826,6920.597605240784,0.269678589949213,0.229397571830932,0.0271068282640633,0.0179608036647901,31050,Mérida,Yucatán,10,RENAN ALBERTO  BARRERA  CONCHA ,PAN-MC,891704
10,19026,43141,112151550,419,1388000,44,336000,1263,2024000,1927,5584500,0,0,0,0,427,6163200,0,0,0,0,0,0,0,0,0,0,0,0,1,7300,1,1600,243,1775677,0,0,19026,136,120,40,0,216,0,0,8,24,16,2020/05,19026,0.503977866055184,0.503977866055184,0.877961868466664,0.632453788930875,0.519873181969878,0.503977866055184,0.503977866055184,185778,8138.303335064075,0.19138043843465,0.167060722803155,0.0158356371095615,0.00900678774536782,19026,Guadalupe,Nuevo León,11,María Cristina Díaz Salazar,PRI-PVEM,682312
11,19006,14030,36347700,364,1209600,7,57600,233,374400,1458,4368150,0,0,0,0,626,7160400,0,0,0,0,0,0,0,0,0,0,0,0,1,7300,0,0,168,1183919,0,0,19006,640,1408,320,0,1600,0,0,0,192,320,2020/05,19006,0.47355919965037,0.47355919965037,0.916570074929852,0.528778003686321,0.516306585339591,0.47355919965037,0.47355919965037,157881,8032.366055386768,0.149729381514252,0.131027154981103,0.00748812086708035,0.00602043012198894,19006,Apodaca,Nuevo León,12,César Garza Villarreal,PRI,596932
12,17029,6942,17906100,236,750400,168,816000,1268,2033600,234,762450,0,0,3,9484,2205,37083600,0,0,0,0,0,0,0,0,0,0,0,0,647,4723100,0,0,277,1711389,0,0,17029,1,8,0,0,2,0,0,0,0,2,2020/05,17029,0.28081227563877,0.28081227563877,0.804638558457099,0.381220525093264,0.263109734637855,0.28081227563877,0.28081227563877,28414,4832.9857961882135,0.511202592801353,0.508858151854032,0.0750563652467993,0.0776339022954679,17029,Yautepec,Morelos,13,AGUSTIN  ALONSO  GUTIERREZ ,PRD-PSD MORELOS,102656
13,14098,26567,68192100,453,1485600,5,24000,5088,8499200,1147,3304800,0,0,0,0,780,12733200,0,0,0,0,0,0,0,0,0,0,1,5000,14,102200,0,0,438,2712936,0,0,14098,216,736,16,8,736,0,0,0,32,184,2020/05,14098,0.310209998857067,0.310209998857067,0.891222877904703,0.444113595486017,0.386413537136292,0.310209998857067,0.310209998857067,166239,6481.361618407772,0.349989642769712,0.347164537325665,0.0429950599150079,0.0327245320571922,14098,San Pedro Tlaquepaque,Jalisco,14,MARIA ELENA LIMON GARCIA,PAN-PRD-MC,663935
14,16034,8150,21078300,112,361600,665,3984000,5124,11139200,1086,3898950,0,0,0,0,2138,34567200,399,1276800,0,0,0,0,0,0,0,0,0,0,1,7300,40,142400,218,1307884,0,0,16034,0,11,0,0,0,0,0,0,0,2,2020/05,16034,0.389483702117535,0.389483702117535,0.704462798681214,0.267496006254036,0.157710478909622,0.389483702117535,0.389483702117535,29421,3969.5855496695976,0.62043954274674,0.706182914929478,0.154170020930607,0.186942251397144,16034,Hidalgo,Michoacán de Ocampo,15,JOSE LUIS TELLEZ MARIN,PT-MORENA,122525
15,28033,8163,21024750,95,312400,34,177600,2665,4563200,430,1315800,0,0,0,0,293,3744000,0,0,0,0,0,0,0,0,0,0,0,0,1,7300,1,3200,756,9398786,0,0,28033,10,4,0,0,0,0,0,0,0,2,2020/05,28033,0.333416286464814,0.333416286464814,0.831826351444767,0.277616480022121,0.250463154984101,0.333416286464814,0.333416286464814,36165,5409.64632482449,0.44628092421321,0.45172944709523,0.0701411810843492,0.0543148523605543,28033,Río Bravo,Tamaulipas,16,CARLOS RAFAEL ULIVARRI LÓPEZ,PAN-PRD-MC,126826
16,26029,10123,26634750,208,693600,107,523200,244,776000,973,3159450,0,0,0,0,186,2844000,0,0,0,0,0,0,0,0,0,0,0,0,0,0,0,0,104,822269,0,0,26029,5,9,0,0,2,0,0,0,0,17,2020/05,26029,0.532820647649095,0.532820647649095,0.877963279435608,0.354804785066386,0.45377064984006,0.532820647649095,0.532820647649095,45642,6900.674028004709,0.293723614922731,0.307041601367716,0.0538048634502608,0.0431151161134065,26029,Guaymas,Sonora,17,SARA   VALLE DESSENS,MORENA-PT-PES,157951
17,16112,9570,24745200,209,677200,469,2270400,6363,11691200,811,2618850,0,0,0,0,3814,65214000,0,0,0,0,0,0,0,0,0,0,0,0,0,0,68,155200,1683,5869624,0,0,16112,7,14,0,0,1,0,0,0,0,3,2020/05,16112,0.362867439750913,0.362867439750913,0.792395008458163,0.186373777243865,0.206158523131236,0.362867439750913,0.362867439750913,40789,4518.556101222389,0.557403575273496,0.60866745984533,0.166708569439341,0.148578227245687,16112,Zitácuaro,Michoacán de Ocampo,18,CARLOS HERRERA TELLO,PRD-PVEM,164004
18,21174,6072,15606000,45,147200,1221,5865600,956,1996800,290,846600,0,0,0,0,402,7268400,77,246400,0,0,0,0,0,0,0,0,49,245000,0,0,0,0,95,382644,15,75000,21174,4,4,1,0,2,0,0,0,1,0,2020/05,21174,0.443064833005894,0.443064833005894,0.8037721021611,0.256581532416503,0.259371316306483,0.443064833005894,0.443064833005894,25450,4330.355988857938,0.497155646740651,0.552287763901279,0.0857139896587812,0.0704727921498662,21174,Teziutlán,Puebla,19,CARLOS ENRIQUE PEREDO GRAU,PCP,97550
19,30038,7238,19045950,304,961600,0,0,1093,2164800,411,1779900,0,0,0,0,1482,27378000,0,0,0,0,0,0,0,0,0,0,435,2175000,847,6183100,0,0,202,540580,0,0,30038,5,3,0,0,1,0,0,1,3,0,2020/05,30038,0.407590432891876,0.407590432891876,0.801106938130065,0.408025301442973,0.376358964222178,0.407590432891876,0.407590432891876,25295,5237.986321672276,0.415763605849916,0.447604910077077,0.0599017022296811,0.0471709962888952,30038,Coatepec,Veracruz,20,LUIS ENRIQUE  FERNANDEZ  PEREDO ,PAN,92103
20,28038,25963,67021650,616,1985200,766,4041600,1510,2456000,1040,2807550,0,0,0,0,1517,23486400,0,0,0,0,0,0,0,0,0,0,0,0,43,313900,0,0,159,2578442,0,0,28038,8,7,0,0,5,0,0,0,0,0,2020/05,28038,0.574917787120676,0.574917787120676,0.889439287349623,0.52731757066145,0.460641884860342,0.574917787120676,0.574917787120676,96092,7233.533408516702,0.279136766198761,0.286922691682851,0.0242552595652326,0.017531483992329,28038,Tampico,Tamaulipas,21,JESÚS ANTONIO NADER NASRALLAH,PAN-PRD-MC,314177
21,30131,17749,45973950,336,1141200,2260,10900800,2828,4539200,857,2626500,0,0,0,0,2042,37548000,0,0,0,0,0,0,0,0,0,0,0,0,2,14600,0,0,66,829897,59,295000,30131,2,8,0,0,3,0,0,0,2,2,2020/05,30131,0.676270080139247,0.676270080139247,0.888766000652718,0.442687747035573,0.422181528084998,0.676270080139247,0.676270080139247,55154,6819.88422984611,0.302410368536129,0.413626048347311,0.0401095861542109,0.0608781450419339,30131,Poza Rica de Hidalgo,Veracruz,22,FRANCISCO JAVIER  VELAZQUEZ  VALLEJO ,MORENA,199829
22,5018,14141,36725100,257,841600,255,1228800,183,300800,852,2417400,0,0,0,0,261,4363200,0,0,0,0,0,0,0,0,0,0,0,0,0,0,0,0,89,417306,0,0,5018,17,6,2,0,8,0,0,0,1,0,2020/05,5018,0.542766599445043,0.542766599445043,0.882609816378827,0.493957635214023,0.420312049855196,0.542766599445043,0.542766599445043,65951,8761.35130274159,0.19408646179044,0.176557895696176,0.00964182578337141,0.0101812753067185,5018,Monclova,Coahuila,23,JESUS ALFREDO  PAREDES  LOPEZ ,PAN-MC-UDC,231076
23,17006,12634,32591550,538,1709600,1971,9494400,1433,2308800,542,1450950,0,0,0,0,2945,52311600,0,0,0,0,0,0,0,0,0,0,0,0,512,3737600,1,3200,411,1755669,0,0,17006,30,35,2,0,23,0,1,1,4,3,2020/05,17006,0.335698365527489,0.335698365527489,0.829364784546805,0.42555720653789,0.346972511144131,0.335698365527489,0.335698365527489,53840,5054.883078409684,0.411932595691442,0.446107320099256,0.0547422628589302,0.0694168734491315,17006,Cuautla,Morelos,24,JESUS  CORONA  DAMIAN ,MORENA-PT-PES,194481
24,25018,9669,25165950,261,850400,18,86400,2745,7976000,1061,3200250,0,0,0,0,250,3571200,0,0,0,0,0,0,0,0,0,0,0,0,0,0,0,0,529,2196223,0,0,25018,0,6,0,0,0,0,0,0,0,3,2020/05,25018,0.312444000716791,0.312444000716791,0.871080050175358,0.104958656529196,0.160791541868264,0.312444000716791,0.312444000716791,39063,4857.457972508591,0.340046768283119,0.339727264308205,0.0384269887214293,0.0237370346360437,25018,Navolato,Sinaloa,25,ELIAZAR GUTIERREZ ANGULO,MORENA-PT-PES,154283
25,19039,101662,262808100,480,1540000,1853,8980800,4768,7643200,3090,9325350,0,0,0,0,763,11350800,0,0,0,0,0,0,0,0,0,0,0,0,5,36500,0,0,422,2881797,0,0,19039,8000,6750,1125,0,7375,0,0,250,1125,1750,2020/05,19039,0.526315616084547,0.526315616084547,0.862218576426637,0.656197083802784,0.541255691064946,0.526315616084547,0.526315616084547,303546,10042.882424354038,0.209912766701882,0.166747641623376,0.0163791727103807,0.0104799520895641,19039,Monterrey,Nuevo León,26,ADRIAN EMILIO  DE LA GARZA  SANTOS ,PRI,1108184
26,1001,47034,122640975,2928,9770800,2844,13771200,5983,9950400,3256,9363600,8,608000,14,59620,2780,42836400,0,0,0,0,0,0,0,0,0,0,5,25000,22,160600,20,81600,2617,18768553,0,0,1001,848,1104,8,0,824,0,0,0,48,48,2020/05,1001,0.514371592520787,0.514371592520787,0.888392992683001,0.440013185345183,0.44147051297065,0.514371592520787,0.514371592520787,230559,6923.267342655914,0.302213624974589,0.261129542652703,0.0215862420757115,0.0158454505563901,1001,Aguascalientes,Aguascalientes,27,MARIA TERESA  JIMENEZ ESQUIVEL,PAN,876714
27,8037,51068,136705500,944,3218400,1165,5606400,16443,27769600,4313,14216250,0,0,0,0,1398,20480400,574,1836800,0,0,689,36242682,0,0,0,0,0,0,2,14600,0,0,434,2857625,2,10000,8037,3008,9920,64,0,4096,64,0,128,0,7104,2020/05,8037,0.29420373667737,0.29420373667737,0.895924962080283,0.392980159998377,0.402763193271343,0.29420373667737,0.29420373667737,394254,6470.915240520472,0.388041269299394,0.264178171596463,0.0528288756712753,0.0107340146319676,8037,Juárez,Chihuahua,28,CABADA ALVIDREZ HECTOR ARMANDO,Independiente,1391091
28,16006,7087,18258000,92,308800,381,1843200,3777,6344000,889,2524500,0,0,0,0,3337,55090800,36,115200,0,0,0,0,0,0,0,0,0,0,3,21900,1,1600,634,5659081,0,0,16006,5,47,2,0,0,0,0,0,0,0,2020/05,16006,0.465616688084636,0.465616688084636,0.844415887152207,0.283763186993814,0.222916230835898,0.465616688084636,0.465616688084636,33461,4728.305999092297,0.51504543873709,0.53816605428642,0.106550436242118,0.102407888813047,16006,Apatzingán,Michoacán de Ocampo,29,JOSE CRUZ LUCATERO,PT-MORENA,128222
29,16102,20545,52927800,555,1854400,552,2649600,5757,9844800,1110,3850500,0,0,0,0,1145,17672400,0,0,0,0,0,0,0,0,0,0,0,0,107,781100,2,9600,659,3859688,0,0,16102,7,100,26,0,16,3,3,0,0,12,2020/05,16102,0.554722033076737,0.554722033076737,0.853174374184911,0.28896557295694,0.286195713642711,0.554722033076737,0.554722033076737,86647,5394.891098516985,0.524212422308727,0.514192092419807,0.112630867950017,0.0851438858275566,16102,Uruapan,Michoacán de Ocampo,30,VICTOR MANUEL MANRIQUEZ GONZALEZ,PRD-PVEM,334368
30,5017,8406,21754050,124,417600,0,0,853,2710400,659,2815200,0,0,0,0,456,6930000,0,0,0,0,0,0,0,0,0,0,0,0,0,0,0,0,739,639227,0,0,5017,56,24,0,0,0,16,0,0,0,0,2020/05,5017,0.269740951681058,0.269740951681058,0.82832996509278,0.183648723130626,0.208524710637516,0.269740951681058,0.269740951681058,27215,4867.008502361768,0.425509680790332,0.356770257317703,0.0481475389215184,0.0357590503575905,5017,Matamoros,Coahuila,31,HORACIO  PI?A  AVILA ,MORENA-PT-PES,108944
31,10005,36294,93400125,3474,11519200,1940,9566400,10114,18112000,3243,10146450,44,3192000,0,0,3509,51616800,129,412800,0,0,0,0,0,0,0,0,0,0,2,14600,0,0,4917,34302991,9,45000,10005,832,424,0,0,440,0,0,0,16,16,2020/05,10005,0.421007172412183,0.421007172412183,0.889309079024925,0.429801985398393,0.413852268151339,0.421007172412183,0.421007172412183,171351,6220.691400829216,0.417112363245409,0.321930069213606,0.0504814204587083,0.0075901598287874,10005,Durango,Durango,32,JORGE ALEJANDRO  SALUM DEL PALACIO,PAN,654534
32,12035,10221,26558250,466,1494400,1566,7848000,4943,7944000,1007,2853450,0,0,1283,7738392,2217,38530800,0,0,0,0,0,0,0,0,0,0,0,0,1,7300,2,6400,1025,8456140,0,0,12035,1,9,0,0,1,0,0,0,0,9,2020/05,12035,0.346984676223431,0.346984676223431,0.8048690064261,0.427212061295106,0.315348492338112,0.346984676223431,0.346984676223431,40460,5057.226554380935,0.466830890890263,0.528788347911345,0.112208554303825,0.11074128544521,12035,Iguala de la Independencia,Guerrero,33,ANTONIO SALVADOR JAIMES HERRERA,MORENA,151577
33,30124,16362,43329600,185,594000,8,38400,6297,10291200,2053,7313400,0,0,0,0,2006,34833600,114,364800,0,0,0,0,0,0,0,0,0,0,1,7300,0,0,1669,9459733,2367,11835000,30124,6,9,0,0,0,0,0,0,1,2,2020/05,30124,0.280515290265949,0.280515290265949,0.623567649640578,0.232853313088657,0.162843111669949,0.280515290265949,0.280515290265949,42151,4197.6987880228135,0.665872539711202,0.62899952502267,0.181701683976304,0.172244051988428,30124,Papantla,Veracruz,34,MARIANO  ROMERO  GONZALEZ ,PRD,161081
34,28032,26115,68245650,287,946400,649,4089600,8299,13945600,2556,8703150,0,0,0,0,972,11761200,0,0,0,0,0,0,0,0,0,0,0,0,12,87600,0,0,1362,18155758,2,10000,28032,232,600,0,0,264,0,0,0,16,176,2020/05,28032,0.447613823368075,0.447613823368075,0.894521596975935,0.281963687317717,0.271253455570461,0.447613823368075,0.447613823368075,184123,6223.462616310392,0.309839591809511,0.348066298342541,0.0317514840258787,0.0298126409920437,28032,Reynosa,Tamaulipas,35,MAKI ESTHER ORTIZ DOMÍNGUEZ,PAN-PRD-MC,644587
35,17018,7711,19831350,388,1261600,73,350400,1603,2579200,268,854250,0,0,3,13867,1544,27158400,0,0,0,0,0,0,0,0,0,0,0,0,6,43800,0,0,306,1759916,0,0,17018,9,35,0,0,11,0,0,0,1,6,2020/05,17018,0.288838388828508,0.288838388828508,0.797022692092349,0.391595033428844,0.260646181207391,0.288838388828508,0.288838388828508,30363,4832.320773567401,0.518296546625832,0.582264031104893,0.0731861865033266,0.11510698744303,17018,Temixco,Morelos,36,JAZMIN JUANA  SOLANO  LOPEZ ,MORENA-PT-PES,116067
36,16053,52254,135579675,2231,7448000,8781,42676800,14344,22984000,2277,6729450,0,0,7,39756,8905,141487200,13,41600,0,0,0,0,0,0,0,0,1,5000,34,248200,1,3200,2285,11857432,0,0,16053,336,568,128,0,256,0,0,8,16,168,2020/05,16053,0.456846405608041,0.456846405608041,0.877546946449711,0.446948770919895,0.423801675912815,0.456846405608041,0.456846405608041,215405,6163.747168615586,0.381047188032784,0.411570004875872,0.0683946099949589,0.0585491572997474,16053,Morelia,Michoacán de Ocampo,37,RAUL MORON OROZCO,PT-MORENA,784464
37,15025,12242,31663350,359,1136800,537,2582400,2539,5491200,689,2024700,0,0,0,0,2215,40014000,0,0,0,0,0,0,0,0,0,0,0,0,3,21900,0,0,1185,3507000,0,0,15025,16,32,8,0,29,0,0,0,9,10,2020/05,15025,0.219092809128396,0.219092809128396,0.77914477772129,0.378207083545162,0.246285940236118,0.219092809128396,0.219092809128396,88515,4870.695442018232,0.505330411701739,0.544662172042902,0.104843174824752,0.087405640635164,15025,Chalco,México,38,JOSE MIGUEL  GUTIERREZ  MORALES ,PT-MORENA-PES,343094
38,8017,8806,23062200,307,998400,455,2184000,69,184000,511,1509600,0,0,0,0,315,4863600,24,76800,0,0,0,0,0,0,0,0,0,0,0,0,0,0,2095,21311253,0,0,8017,10,6,0,0,7,0,0,0,1,13,2020/05,8017,0.430621340208246,0.430621340208246,0.915902232348062,0.395986969642465,0.390371125367228,0.430621340208246,0.430621340208246,50037,7501.913852725794,0.36464782133375,0.317697692066845,0.027006090894893,0.01611148553628,8017,Cuauhtémoc,Chihuahua,39,CARLOS TENA NEVAREZ,MORENA-PT-PES,168254
39,22016,11497,29659050,460,1479200,1289,6326400,6170,9899200,1216,3919350,0,0,0,0,1398,20520000,1192,3814400,0,0,0,0,1,45000,0,0,0,0,2,14600,0,0,2660,11412426,0,0,22016,30,41,0,0,8,0,0,0,3,3,2020/05,22016,0.455625544838447,0.455625544838447,0.847290571131295,0.299893141362729,0.31954950648182,0.455625544838447,0.455625544838447,71122,5939.794271883824,0.410568446777472,0.310063992870543,0.063694135152097,0.0262786404604192,22016,San Juan del Río,Querétaro,40,GUILLERMO  VEGA GUERRERO,PAN,268255
40,30087,35394,95602050,1084,3490800,6267,32116800,3401,6449600,1708,5020950,0,0,0,0,11299,195670800,0,0,0,0,0,0,0,0,0,0,262,1310000,257,1876100,0,0,310,1622206,2,10000,30087,80,568,0,0,168,0,0,0,56,0,2020/05,30087,0.46994213843702,0.46994213843702,0.901140002010079,0.463732429754914,0.481133971772746,0.46994213843702,0.46994213843702,139298,6381.518758322506,0.342415520977858,0.375683147803413,0.0554563071172215,0.0363969196646959,30087,Xalapa,Veracruz,41,PEDRO HIPOLITO  RODRIGUEZ  HERRERO,MORENA,480160
41,7019,8857,22965300,788,2552000,770,3720000,1390,4169600,716,2177700,0,0,0,0,4769,93978000,0,0,0,0,0,0,0,0,0,0,8,40000,47,343100,2,4800,3068,11297718,1,5000,7019,0,18,0,0,0,0,0,0,0,0,2020/05,7019,0.208180240865483,0.208180240865483,0.745764441722801,0.134466217595428,0.17375995101041,0.208180240865483,0.208180240865483,39192,4024.9158499177015,0.666887310947968,0.665421391782341,0.187641245770985,0.166483821049957,7019,Comitán de Domínguez,Chiapas,42,EMMANUEL CORDERO SANCHEZ,MORENA-PT-PES,153437
42,25012,31675,81023700,1573,5102800,651,3206400,2804,5235200,2112,6469350,0,0,0,0,982,16056000,1662,5318400,0,0,0,0,0,0,0,0,0,0,0,0,0,0,2125,18794686,0,0,25012,24,336,0,0,48,0,0,0,16,40,2020/05,25012,0.48994107858916,0.48994107858916,0.893286778144521,0.4091423661311,0.406660028915137,0.48994107858916,0.48994107858916,146636,6582.992566428194,0.280245128416994,0.267575218908421,0.0274181331947323,0.0135925434760118,25012,Mazatlán,Sinaloa,43,LUIS GUILLERMO BENITEZ TORRES,MORENA-PT-PES,502402
43,26042,12419,32772600,318,1037200,958,4732800,1887,4814400,1095,3432300,0,0,0,0,720,10868400,0,0,0,0,0,0,0,0,0,0,0,0,0,0,0,0,257,1642425,0,0,26042,4,3,0,0,5,0,0,0,0,0,2020/05,26042,0.444715227006047,0.444715227006047,0.856372416283058,0.270037909558624,0.339335680115534,0.444715227006047,0.444715227006047,44316,5926.6785386387655,0.424472432613355,0.362417386126823,0.0802755389042146,0.0421256326287586,26042,Navojoa,Sonora,44,MARÍA DEL ROSARIO   QUINTERO BORBÓN,MORENA-PT-PES,163630
44,30174,8708,22503750,80,256000,1114,5356800,1534,3484800,374,1660050,15,560000,0,0,1028,17179200,51,163200,0,0,0,0,0,0,0,0,0,0,1839,13424700,34,124800,1083,6122690,555,2775000,30174,1,6,0,0,0,0,0,0,1,1,2020/05,30174,0.344696319194001,0.344696319194001,0.775974583547999,0.215267044478791,0.200898734901826,0.344696319194001,0.344696319194001,34938,4761.795392611321,0.522274109470026,0.511810030189699,0.100814509122502,0.0824494209886,30174,Tierra Blanca,Veracruz,45,PATRICIO  AGUIRRE  SOLIS ,PAN,106256
45,30141,10906,29369625,221,704800,684,3288000,3206,7324800,926,3516450,0,0,0,0,1123,20001600,77,246400,0,0,0,0,0,0,0,0,0,0,347,2533100,0,0,3586,20025060,986,4930000,30141,3,1,0,0,3,0,2,0,2,2,2020/05,30141,0.235032844753021,0.235032844753021,0.665100404422938,0.176099305701662,0.143792224793698,0.235032844753021,0.235032844753021,42777,3628.437458791501,0.658871230496326,0.751646899468103,0.189389277051732,0.247005186824804,30141,San Andrés Tuxtla,Veracruz,46,OCTAVIO  PEREZ  GARAY ,Independiente,164775
46,25011,23198,60225900,662,2166800,818,3964800,5314,11772800,2482,8182950,0,0,0,0,1239,20383200,0,0,0,0,0,0,0,0,0,0,0,0,0,0,0,0,1534,7093110,0,0,25011,0,7,0,0,0,0,0,0,0,0,2020/05,25011,0.611220050646062,0.611220050646062,0.884760729822739,0.240490877215765,0.261905071099279,0.611220050646062,0.611220050646062,77005,5032.681395592865,0.408612924379762,0.414893088192477,0.0611133488011345,0.0386210471747019,25011,Guasave,Sinaloa,47,MARIA AURELIA LEAL LOPEZ,MORENA-PT-PES,295353
47,22014,46645,120513000,1350,4304400,1901,9360000,9471,20299200,2894,8613900,0,0,1,2431,2597,39358800,617,1974400,0,0,0,0,0,0,0,0,2,10000,4,29200,0,0,1951,10579326,0,0,22014,672,1320,0,0,1456,8,0,0,104,88,2020/05,22014,0.587290961503864,0.587290961503864,0.909987406437361,0.489626000476966,0.506240298563665,0.587290961503864,0.587290961503864,239011,8421.184856757127,0.282865897886028,0.229627738488671,0.0296702372567776,0.0145758600039766,22014,Querétaro,Querétaro,48,LUIS BERNARDO  NAVA GUERRERO,PAN-PRD-MC,877933
48,25006,54395,141837375,2800,9002000,1772,8851200,6551,15129600,5525,18441600,0,0,1,6814,5301,81864000,83,265600,0,0,0,0,0,0,0,0,0,0,284,2073200,0,0,4481,42250186,4,20000,25006,405,3672,0,0,1215,0,0,0,0,864,2020/05,25006,0.526205904704315,0.526205904704315,0.931486308701799,0.379499415739886,0.464441847732826,0.526205904704315,0.526205904704315,244754,7678.271828793079,0.312445828384322,0.248534087266345,0.0346560761635719,0.0122853944747781,25006,Culiacán,Sinaloa,49,JESUS ESTRADA FERREIRO,MORENA-PT-PES,904944
49,30189,11757,30768300,343,1118400,920,4416000,3168,5128000,838,3200250,38,2576000,0,0,647,11829600,0,0,0,0,0,0,0,0,0,0,0,0,3,21900,0,0,590,3381683,363,1815000,30189,2,4,0,0,0,0,0,0,2,0,2020/05,30189,0.519390256902249,0.519390256902249,0.849760153501759,0.319624773478307,0.335507941584053,0.519390256902249,0.519390256902249,46905,6362.874184579189,0.38012309413904,0.450967995384068,0.0787452790600084,0.0672931730851861,30189,Tuxpan,Veracruz,50,JUAN ANTONIO  AGUILAR  MANCHA ,PAN,161742
50,15031,19615,51224400,627,2061600,670,3316800,11658,23942400,1558,5186700,0,0,1,4622,3126,52905600,0,0,0,0,0,0,0,0,0,0,0,0,4,29200,0,0,143,638744,0,0,15031,594,3294,702,0,1512,0,54,0,108,324,2020/05,15031,0.137339932248997,0.137339932248997,0.747591475866708,0.373549479854888,0.208952982725897,0.137339932248997,0.137339932248997,166492,4687.471767575019,0.618652159257488,0.614621759499202,0.133553348436508,0.0916816560470717,15031,Chimalhuacán,México,51,JESUS TOLENTINO  ROMAN  BOJORQUEZ ,PRI,679215
51,32056,9243,24161250,624,2091200,798,3993600,669,1152000,472,1524900,5,224000,0,0,1742,27237600,0,0,0,0,0,0,0,0,0,0,0,0,0,0,0,0,1014,8457822,0,0,32056,6,19,0,0,5,0,0,0,4,3,2020/05,32056,0.598220499055572,0.598220499055572,0.885053186201412,0.489586440003977,0.542424694303609,0.598220499055572,0.598220499055572,40236,6920.484456837107,0.31189103783246,0.259409760430615,0.0240878368493431,0.0183488671165498,32056,Zacatecas,Zacatecas,52,ULISES  MEJIA  HARO,MORENA-PT-PES,146089
52,30193,43524,113594850,689,2254000,1695,8160000,3950,6638400,3191,10151550,1,16000,0,0,2589,42746400,223,713600,0,0,0,0,0,0,0,0,3,15000,192,1401600,0,0,334,2434994,6,30000,30193,72,272,0,0,1128,0,0,8,24,8,2020/05,30193,0.52552078244917,0.52552078244917,0.91049814917337,0.394036104688399,0.386345133031556,0.52552078244917,0.52552078244917,184242,6401.461883882098,0.312993013824505,0.332496044236204,0.0450929275500102,0.0357710407332602,30193,Veracruz,Veracruz,53,FERNANDO  YUNES  MARQUEZ ,PAN,609691
53,9010,61508,157610400,494,1626400,760,3648000,1479,2371200,5864,14953200,0,0,1,4622,2744,46134000,21173,16938400,0,0,0,0,0,0,0,0,1,5000,11,80300,1,1600,264,1133905,1,5000,9010,405,1917,0,0,2862,0,0,0,0,108,2020/05,9010,0.536569022080551,0.536569022080551,0.865036413131995,0.694702063798599,0.551985853556388,0.536569022080551,0.536569022080551,214895,9708.926359018766,0.278281470560348,0.278806266858515,0.016271302331855,0.0107186419936166,9010,Álvaro Obregón,Ciudad de México,54,LAYDA ELENA  SANSORES  SAN ROMAN ,MORENA-PT-PES,749313
54,21019,9491,24375450,222,722400,157,782400,2508,7958400,606,1881900,0,0,0,0,502,9169200,0,0,0,0,0,0,14,1073000,0,0,0,0,11,80300,0,0,711,2328147,0,0,21019,4,24,0,0,6,1,0,0,0,5,2020/05,21019,0.347533696178725,0.347533696178725,0.696321203658849,0.431596044795258,0.262417006240561,0.347533696178725,0.347533696178725,35093,4515.240601992205,0.56040397057387,0.594187945368171,0.12795407239309,0.100898159144893,21019,Atlixco,Puebla,55,JOSE GUILLERMO VELAZQUEZ GUTIERREZ,PAN-PRD,134269
55,20043,6867,17934150,111,355200,1315,6364800,1274,3211200,1062,4248300,0,0,0,0,2130,33415200,0,0,0,0,0,0,392,26342975,0,0,0,0,1,7300,0,0,959,7065585,0,0,20043,1,7,0,2,8,1,0,0,1,2,2020/05,20043,0.359911054637865,0.359911054637865,0.704177255400254,0.198657878017789,0.213627700127065,0.359911054637865,0.359911054637865,25184,5205.248608253661,0.521576292732268,0.565148191603326,0.111032135485723,0.0926388818038055,20043,Heroica Ciudad de Juchitán de Zaragoza,Oaxaca,56,GLORIA  SANCHEZ   LOPEZ ,PRD,98003
56,3003,17649,45787800,445,1412000,1542,7416000,2821,5867200,1209,3513900,0,0,0,0,1523,24991200,109,348800,0,0,0,0,0,0,0,0,0,0,0,0,0,0,62,429974,0,0,3003,176,184,0,0,96,0,0,0,0,16,2020/05,3003,0.637130090211618,0.637130090211618,0.937707010972334,0.466318185650451,0.516024907560191,0.637130090211618,0.637130090211618,83027,8379.916527325115,0.255207608094326,0.242795901759356,0.0281728304925917,0.0173415915583598,3003,La Paz,Baja California Sur,57,RUBEN GREGORIO  MU?OZ  ALVAREZ ,MORENA-PES,272628
57,26043,10155,26729100,50,152800,63,307200,413,696000,535,1461150,0,0,0,0,264,3862800,0,0,0,0,231,13366518,0,0,0,0,0,0,0,0,0,0,37,297008,0,0,26043,1,14,1,0,3,0,0,0,0,13,2020/05,26043,0.656186317321689,0.656186317321689,0.927878648586532,0.307101815674558,0.485267754539186,0.656186317321689,0.656186317321689,65265,7402.8580075717555,0.305332577762111,0.238917164268825,0.0453030390918867,0.0174287660802308,26043,Nogales,Sonora,58,JESÚS ANTONIO   PUJOL IRASTORZA,MORENA-PT-PES,233866
58,14120,68122,176880750,1130,3680800,239,1334400,18378,29420800,2850,8914800,0,0,1,6814,2163,35204400,0,0,0,0,0,0,0,0,0,0,0,0,28,204400,0,0,1298,9419854,0,0,14120,3456,13056,64,64,9024,256,0,128,832,1472,2020/05,14120,0.483531340071695,0.483531340071695,0.914071951430275,0.596459293865787,0.539872666150047,0.483531340071695,0.483531340071695,358742,8992.41497940399,0.245738601476941,0.280879955230657,0.0286467390744595,0.0194494338922411,14120,Zapopan,Jalisco,59,JESUS PABLO LEMUS NAVARRO,MC,1331755
59,19018,2797,7300650,112,355200,17,81600,1394,4395200,953,3284400,0,0,0,0,137,2152800,0,0,0,0,0,0,0,0,0,0,0,0,2,14600,0,0,69,366532,0,0,19018,144,56,8,0,48,8,0,8,8,32,2020/05,19018,0.573381883034852,0.573381883034852,0.918882366054841,0.24461618488519,0.297257932674444,0.573381883034852,0.573381883034852,67285,7218.631603585089,0.284658271385776,0.192433467987296,0.0249015311217131,0.0124015122071865,19018,García,Nuevo León,60,Carlos Alberto Guevara Garza,Independiente,247188
60,8021,9836,25265400,517,1731600,504,2419200,449,721600,596,1609050,0,0,0,0,967,15519600,1332,4262400,0,0,0,0,0,0,0,0,0,0,0,0,0,0,70,297752,0,0,8021,25,12,0,0,20,1,0,0,0,2,2020/05,8021,0.571514463223996,0.571514463223996,0.902843654664084,0.329904023871557,0.377981161066203,0.571514463223996,0.571514463223996,44907,6374.955328941432,0.266790040624931,0.2563072713985,0.0249279294556554,0.00759558506618028,8021,Delicias,Chihuahua,61,ELISEO COMPEAN FERNANDEZ,PAN-MC,148017
61,14039,129427,332892300,1296,4242400,1309,6436800,9249,14804800,2949,8040150,1,40000,1,4861,2949,46281600,0,0,0,0,0,0,0,0,0,0,0,0,39,284700,0,0,855,6887060,0,0,14039,4224,31168,640,64,19008,0,0,64,1088,1600,2020/05,14039,0.467176581200925,0.467176581200925,0.883566691230656,0.626834040606815,0.509102228546744,0.467176581200925,0.467176581200925,393530,7274.029625727387,0.25795237033289,0.253580753870988,0.0218912940805515,0.0137863040822201,14039,Guadalajara,Jalisco,62,ISMAEL DEL TORO CASTRO,MC,1459501
62,1005,4058,10564650,556,1856800,41,201600,1290,2161600,330,887400,0,0,0,0,242,3488400,0,0,0,0,0,0,0,0,0,0,0,0,0,0,0,0,426,2342186,0,0,1005,14,5,0,0,15,0,0,0,0,2,2020/05,1005,0.461035591989208,0.461035591989208,0.885406938535505,0.385043754972156,0.384040676559095,0.461035591989208,0.461035591989208,28911,6513.193574958814,0.423780219350168,0.250330019880716,0.0513839019283639,0.0166600397614314,1005,Jesús María,Aguascalientes,63,JOSE ANTONIO ARAMBULA  LOPEZ,PAN,120330
63,14101,15274,39267450,594,1969600,37,196800,10714,17150400,901,2909550,0,0,1,2431,792,12956400,0,0,0,0,0,0,0,0,0,0,0,0,1,7300,0,0,140,949765,0,0,14101,256,744,24,0,832,0,0,0,8,104,2020/05,14101,0.366404458059451,0.366404458059451,0.891088499253398,0.389018026200336,0.335878450147011,0.366404458059451,0.366404458059451,129922,6082.720677792981,0.388996345567089,0.373254601401267,0.0661385097332651,0.0385009410811712,14101,Tonalá,Jalisco,64,JUAN ANTONIO GONZALEZ MORA,PAN-PRD-MC,535852
64,15074,6549,17085000,36,124000,2134,10348800,3553,10312000,462,1989000,0,0,1,2431,647,10274400,0,0,0,0,0,0,0,0,0,0,0,0,0,0,218,454400,5111,12719340,0,0,15074,1,1,0,0,0,0,0,0,0,0,2020/05,15074,0.033272625385262,0.033272625385262,0.539401793219389,0.06938217988232,0.0803796581675539,0.033272625385262,0.033272625385262,28552,4335.033161429599,0.783839344614393,0.759228017557836,0.382737830415906,0.245239545745661,15074,San Felipe del Progreso,México,65,ALEJANDRO  TENORIO  ESQUIVEL ,PT-MORENA-PES,134117
65,8019,53753,138911250,1060,3568400,883,4305600,2744,4473600,2170,8318100,0,0,0,0,1978,30585600,1477,4726400,0,0,0,0,0,0,0,0,0,0,0,0,0,0,1367,12655504,0,0,8019,168,1024,0,0,208,0,0,0,0,272,2020/05,8019,0.537740059149667,0.537740059149667,0.923230237430696,0.518675259252536,0.518955123404963,0.537740059149667,0.537740059149667,264414,7920.162475198783,0.258380887562606,0.195907559131739,0.0203770599561396,0.00622794861863234,8019,Chihuahua,Chihuahua,66,MARIA EUGENIA CAMPOS GALVAN,PAN-MC,877648
66,30123,7874,20792700,273,893600,152,734400,1341,3001600,543,1915050,61,3400000,0,0,1030,17085600,206,659200,0,0,0,0,0,0,0,0,0,0,843,6153900,1,4800,1727,26709408,0,0,30123,2,6,0,0,1,3,0,0,0,2,2020/05,30123,0.376789347802806,0.376789347802806,0.779281048084818,0.222896512333559,0.173740763217078,0.376789347802806,0.376789347802806,28013,4895.35578115819,0.564973208401387,0.553778548931596,0.132219643351768,0.0803142032702789,30123,Pánuco,Veracruz,67,FERNANDO  MOLINA HERNANDEZ ,PAN,100503
67,11002,10652,27727425,58,183200,66,364800,1533,3118400,440,1226550,0,0,1,2431,657,10231200,0,0,0,0,0,0,0,0,0,0,0,0,0,0,0,0,2090,11738580,0,0,11002,4,4,0,0,1,0,0,0,0,9,2020/05,11002,0.298351922756784,0.298351922756784,0.68030630930581,0.377026802064258,0.207691027135009,0.298351922756784,0.298351922756784,30035,4582.884050255537,0.564623901448445,0.528714408809855,0.0832497746020779,0.0480262098874149,11002,Acámbaro,Guanajuato,68,Alejandro Tirado Zúñiga,MORENA-PT-PES,112001
68,11017,32223,83469150,679,2341600,881,4512000,17815,28534400,2146,6828900,0,0,0,0,1326,19692000,0,0,0,0,0,0,0,0,0,0,0,0,1,7300,0,0,3597,21156989,0,0,11017,192,88,0,0,536,0,0,0,8,320,2020/05,11017,0.429386518189859,0.429386518189859,0.78524511722998,0.380906810503574,0.320008119825424,0.429386518189859,0.429386518189859,137934,6033.596577908272,0.423257255857927,0.372154509753872,0.0742135676311619,0.0293538868029961,11017,Irapuato,Guanajuato,69,José Ricardo Ortiz Gutiérrez,PAN,574090
69,30028,13453,34817700,151,496000,927,4502400,502,811200,342,915450,0,0,0,0,874,14832000,0,0,0,0,0,0,0,0,0,0,1,5000,58,423400,0,0,88,605697,6,30000,30028,4,12,0,0,21,0,0,0,0,1,2020/05,30028,0.562309037900875,0.562309037900875,0.903696793002916,0.496303206997085,0.472139941690962,0.562309037900875,0.562309037900875,42875,8758.308941522722,0.295418546965124,0.299737000916399,0.0407414602074056,0.0249439357477593,30028,Boca del Río,Veracruz,70,HUMBERTO  ALONSO  MORELLI ,PAN,142146
70,15045,5299,13836300,74,247200,555,2673600,3619,5913600,852,2835600,0,0,0,0,409,6163200,0,0,0,0,0,0,0,0,0,0,0,0,0,0,0,0,3019,11595204,0,0,15045,6,10,6,0,0,0,0,0,1,0,2020/05,15045,0.170613757570279,0.170613757570279,0.713278495887191,0.0864593690680647,0.136219831872006,0.170613757570279,0.170613757570279,22126,4441.746304898648,0.554088790136366,0.57477913336138,0.127499673245327,0.0983031832842519,15045,Jilotepec,México,71,AGUSTIN JAVIER  BONILLA  RODRIGUEZ ,PT-MORENA-PES,87921
71,24028,47868,127538250,1615,5287200,2214,11001600,5112,10884800,1698,5530950,0,0,0,0,1789,25146000,223,713600,0,0,0,0,0,0,0,0,0,0,19,138700,0,0,1447,9059241,0,0,24028,368,1568,184,0,416,24,8,8,32,192,2020/05,24028,0.498352527551779,0.498352527551779,0.866097225665412,0.526235604336166,0.471907326857632,0.498352527551779,0.498352527551779,221855,7387.922519138415,0.287483302554534,0.239926133248694,0.0303216712824274,0.018909888334247,24028,San Luis Potosí,San Luis Potosí,72,FRANCISCO XAVIER NAVA PALACIOS,PAN,823754
72,15106,40263,104144550,1537,4959200,1549,7516800,25973,41574400,2342,7119600,0,0,0,0,3966,69325200,0,0,0,0,0,0,0,0,0,0,0,0,12,87600,0,0,1657,4688930,0,0,15106,1566,4968,270,0,2376,0,27,0,675,297,2020/05,15106,0.433916181468082,0.433916181468082,0.811424311307681,0.388196982240131,0.370551456967879,0.433916181468082,0.433916181468082,218639,6572.898998787657,0.380467819014976,0.454852218510794,0.0590056388899126,0.0609604833783657,15106,Toluca,México,73,JUAN RODOLFO  SANCHEZ  GOMEZ ,PT-MORENA-PES,873467
73,5030,40669,104784600,1129,3719600,845,4065600,2390,4169600,1655,4556850,0,0,0,0,1182,16970400,0,0,0,0,0,0,0,0,0,0,0,0,0,0,0,0,3540,21929535,0,0,5030,104,128,0,0,24,0,0,0,0,24,2020/05,5030,0.449629445598114,0.449629445598114,0.867425432079089,0.451373231018755,0.44387307867191,0.449629445598114,0.449629445598114,213329,7848.072512412906,0.207746380447963,0.175261143564214,0.0199196823499502,0.0127706157136965,5030,Saltillo,Coahuila,74,MANOLO  JIMENEZ  SALINAS,PRI-PVEM-PNA,807277
74,11007,26871,70260150,760,2461600,1092,5577600,15381,24620800,1622,4720050,0,0,0,0,1025,16588800,0,0,0,0,0,0,0,0,0,0,0,0,1,7300,0,0,1116,5841119,0,0,11007,120,720,0,0,1136,0,8,0,0,336,2020/05,11007,0.428996569137659,0.428996569137659,0.805142438610693,0.446644308237925,0.373200724721483,0.428996569137659,0.428996569137659,129705,6073.290627980202,0.395638642332648,0.325195455548633,0.0479866629246899,0.0248804220238316,11007,Celaya,Guanajuato,75,Elvira Paniagua Rodríguez,PAN,493996
75,11027,18444,47973150,395,1278800,444,2131200,4299,6884800,1454,4090200,0,0,0,0,282,4212000,0,0,0,0,0,0,0,0,0,0,0,0,0,0,0,0,1880,11207930,0,0,11027,3,41,0,0,45,0,0,0,0,30,2020/05,11027,0.382939577670918,0.382939577670918,0.790800752665691,0.418969963063628,0.342044741793853,0.382939577670918,0.382939577670918,71745,6596.911064570029,0.446415649201681,0.377294051828477,0.0561286547906819,0.0243272792426475,11027,Salamanca,Guanajuato,76,María Beatriz Hernández Cruz,MORENA-PT-PES,273104
76,9014,48445,123988650,170,552800,0,0,243,390400,1843,4699650,0,0,2,9245,1292,21924000,3374,2699200,0,0,0,0,0,0,0,0,1,5000,10,73000,1,4800,131,783089,0,0,9014,15,134,0,0,120,1,0,0,1,1,2020/05,9014,0.714232936756418,0.714232936756418,0.929198497182217,0.831897307451471,0.798935504070131,0.714232936756418,0.714232936756418,159700,17064.509469762477,0.0318152858285029,0.049700868796848,0.00144288426943834,0.00143740335353768,9014,Benito Juárez,Ciudad de México,77,SANTIAGO  TABOADA CORTINA ,PAN-PRD-MC,417238
77,28027,17957,46958250,125,404800,422,2068800,4025,6611200,1572,4539000,0,0,0,0,717,9266400,0,0,69,828000,0,0,0,0,0,0,0,0,4,29200,0,0,72,512802,0,0,28027,1,12,0,0,1,0,0,0,0,1,2020/05,28027,0.481569020011308,0.481569020011308,0.810008434594815,0.471716301013078,0.361630935498522,0.481569020011308,0.481569020011308,107889,5847.973336364249,0.34260798122696,0.355002972574767,0.029024107998679,0.0330108540101561,28027,Nuevo Laredo,Tamaulipas,78,OSCAR ENRIQUE RIVAS CUELLAR,PAN-PRD-MC,398976
78,5035,39821,102976650,1416,4684000,3261,15686400,3732,6316800,2027,6074100,0,0,0,0,2319,34398000,83,265600,0,0,0,0,0,0,0,0,0,0,1,7300,0,0,720,2444479,1,5000,5035,440,104,0,0,512,0,0,8,8,24,2020/05,5035,0.465695393225055,0.465695393225055,0.868654025521981,0.447619494249999,0.398097054394439,0.465695393225055,0.465695393225055,191913,6935.38532653319,0.301498575480149,0.261604677147247,0.0365120122110941,0.0277915947731905,5035,Torreón,Coahuila,79,JORGE  ZERME?O  INFANTE ,PAN-MC-UDC,678784
